                  epoch,         train/box_loss,         train/cls_loss,         train/dfl_loss,   metrics/precision(B),      metrics/recall(B),       metrics/mAP50(B),    metrics/mAP50-95(B),           val/box_loss,           val/cls_loss,           val/dfl_loss,                 lr/pg0,                 lr/pg1,                 lr/pg2
                      1,                 3.0435,                 4.3275,                 4.3546,                0.00149,                0.43478,                 0.0011,                0.00037,                 2.6346,                 3.9497,                 4.1584,                  8e-05,                  8e-05,                  8e-05
                      2,                 3.0743,                 4.2482,                 4.3532,                0.00149,                0.43478,                0.00113,                0.00038,                 2.6334,                 3.9483,                 4.1577,             0.00014436,             0.00014436,             0.00014436
                      3,                 3.1126,                 4.0389,                 4.2851,                0.00149,                0.43478,                 0.0011,                0.00038,                 2.6277,                 3.9485,                 4.1562,             0.00016912,             0.00016912,             0.00016912
                      4,                  3.006,                 3.8279,                 4.2142,                0.00149,                0.43478,                0.00112,                0.00038,                 2.6252,                   3.95,                 4.1553,             0.00015428,             0.00015428,             0.00015428
                      5,                 2.8833,                 3.8214,                 4.2112,                0.00152,                0.43478,                0.00132,                 0.0004,                 2.6212,                 3.9514,                  4.154,              9.984e-05,              9.984e-05,              9.984e-05
